email,firstname,lastname,password
josephine_darakjy@darakjy.org,Josephine,Darakjy,Qwerty123@
art@venere.org,Art,Venere,Qwerty123@
lpaprocki@hotmail.com,Lenna,Paprocki,Qwerty123@
donette.foller@cox.net,Donette,Foller,Qwerty123@
simona@morasca.com,Simona,Morasca,Qwerty123@
mitsue_tollner@yahoo.com,Mitsue,Tollner,Qwerty123@
leota@hotmail.com,Leota,Dilliard,Qwerty123@
sage_wieser@cox.net,Sage,Wieser,Qwerty123@
kris@gmail.com,Kris,Marrier,Qwerty123@
minna_amigon@yahoo.com,Minna,Amigon,Qwerty123@
amaclead@gmail.com,Abel,Maclead,Qwerty123@
kiley.caldarera@aol.com,Kiley,Caldarera,Qwerty123@
gruta@cox.net,Graciela,Ruta,Qwerty123@
calbares@gmail.com,Cammy,Albares,Qwerty123@
mattie@aol.com,Mattie,Poquette,Qwerty123@
meaghan@hotmail.com,Meaghan,Garufi,Qwerty123@
gladys.rim@rim.org,Gladys,Rim,Qwerty123@
yuki_whobrey@aol.com,Yuki,Whobrey,Qwerty123@
fletcher.flosi@yahoo.com,Fletcher,Flosi,Qwerty123@
bette_nicka@cox.net,Bette,Nicka,Qwerty123@
vinouye@aol.com,Veronika,Inouye,Qwerty123@
willard@hotmail.com,Willard,Kolmetz,Qwerty123@
mroyster@royster.com,Maryann,Royster,Qwerty123@
alisha@slusarski.com,Alisha,Slusarski,Qwerty123@
allene_iturbide@cox.net,Allene,Iturbide,Qwerty123@
chanel.caudy@caudy.org,Chanel,Caudy,Qwerty123@
ezekiel@chui.com,Ezekiel,Chui,Qwerty123@
wkusko@yahoo.com,Willow,Kusko,Qwerty123@
bfigeroa@aol.com,Bernardo,Figeroa,Qwerty123@
ammie@corrio.com,Ammie,Corrio,Qwerty123@
francine_vocelka@vocelka.com,Francine,Vocelka,Qwerty123@
ernie_stenseth@aol.com,Ernie,Stenseth,Qwerty123@
albina@glick.com,Albina,Glick,Qwerty123@
asergi@gmail.com,Alishia,Sergi,Qwerty123@
solange@shinko.com,Solange,Shinko,Qwerty123@
jose@yahoo.com,Jose,Stockham,Qwerty123@
rozella.ostrosky@ostrosky.com,Rozella,Ostrosky,Qwerty123@
valentine_gillian@gmail.com,Valentine,Gillian,Qwerty123@
kati.rulapaugh@hotmail.com,Kati,Rulapaugh,Qwerty123@
youlanda@aol.com,Youlanda,Schemmer,Qwerty123@
doldroyd@aol.com,Dyan,Oldroyd,Qwerty123@
roxane@hotmail.com,Roxane,Campain,Qwerty123@
lperin@perin.org,Lavera,Perin,Qwerty123@
erick.ferencz@aol.com,Erick,Ferencz,Qwerty123@
fsaylors@saylors.org,Fatima,Saylors,Qwerty123@
jina_briddick@briddick.com,Jina,Briddick,Qwerty123@
kanisha_waycott@yahoo.com,Kanisha,Waycott,Qwerty123@
emerson.bowley@bowley.org,Emerson,Bowley,Qwerty123@
bmalet@yahoo.com,Blair,Malet,Qwerty123@
bbolognia@yahoo.com,Brock,Bolognia,Qwerty123@
lnestle@hotmail.com,Lorrie,Nestle,Qwerty123@
sabra@uyetake.org,Sabra,Uyetake,Qwerty123@
mmastella@mastella.com,Marjory,Mastella,Qwerty123@
karl_klonowski@yahoo.com,Karl,Klonowski,Qwerty123@
twenner@aol.com,Tonette,Wenner,Qwerty123@
amber_monarrez@monarrez.org,Amber,Monarrez,Qwerty123@
shenika@gmail.com,Shenika,Seewald,Qwerty123@
delmy.ahle@hotmail.com,Delmy,Ahle,Qwerty123@
deeanna_juhas@gmail.com,Deeanna,Juhas,Qwerty123@
bpugh@aol.com,Blondell,Pugh,Qwerty123@
jamal@vanausdal.org,Jamal,Vanausdal,Qwerty123@
cecily@hollack.org,Cecily,Hollack,Qwerty123@
carmelina_lindall@lindall.com,Carmelina,Lindall,Qwerty123@
maurine_yglesias@yglesias.com,Maurine,Yglesias,Qwerty123@
tawna@gmail.com,Tawna,Buvens,Qwerty123@
penney_weight@aol.com,Penney,Weight,Qwerty123@
elly_morocco@gmail.com,Elly,Morocco,Qwerty123@
ilene.eroman@hotmail.com,Ilene,Eroman,Qwerty123@
vmondella@mondella.com,Vallie,Mondella,Qwerty123@
kallie.blackwood@gmail.com,Kallie,Blackwood,Qwerty123@
johnetta_abdallah@aol.com,Johnetta,Abdallah,Qwerty123@
brhym@rhym.com,Bobbye,Rhym,Qwerty123@
micaela_rhymes@gmail.com,Micaela,Rhymes,Qwerty123@
tamar@hotmail.com,Tamar,Hoogland,Qwerty123@
moon@yahoo.com,Moon,Parlato,Qwerty123@
laurel_reitler@reitler.com,Laurel,Reitler,Qwerty123@
delisa.crupi@crupi.com,Delisa,Crupi,Qwerty123@
viva.toelkes@gmail.com,Viva,Toelkes,Qwerty123@
elza@yahoo.com,Elza,Lipke,Qwerty123@
devorah@hotmail.com,Devorah,Chickering,Qwerty123@
timothy_mulqueen@mulqueen.org,Timothy,Mulqueen,Qwerty123@
ahoneywell@honeywell.com,Arlette,Honeywell,Qwerty123@
dominque.dickerson@dickerson.org,Dominque,Dickerson,Qwerty123@
lettie_isenhower@yahoo.com,Lettie,Isenhower,Qwerty123@
mmunns@cox.net,Myra,Munns,Qwerty123@
stephaine@barfield.com,Stephaine,Barfield,Qwerty123@
lai.gato@gato.org,Lai,Gato,Qwerty123@
stephen_emigh@hotmail.com,Stephen,Emigh,Qwerty123@
tshields@gmail.com,Tyra,Shields,Qwerty123@
twardrip@cox.net,Tammara,Wardrip,Qwerty123@
cory.gibes@gmail.com,Cory,Gibes,Qwerty123@
danica_bruschke@gmail.com,Danica,Bruschke,Qwerty123@
wilda@cox.net,Wilda,Giguere,Qwerty123@
elvera.benimadho@cox.net,Elvera,Benimadho,Qwerty123@
carma@cox.net,Carma,Vanheusen,Qwerty123@
malinda.hochard@yahoo.com,Malinda,Hochard,Qwerty123@
natalie.fern@hotmail.com,Natalie,Fern,Qwerty123@
lisha@centini.org,Lisha,Centini,Qwerty123@
